{
  "project_info": {
    "project_number": "211605642478",
    "project_id": "polstrat-app",
    "storage_bucket": "polstrat-app.appspot.com"
  },
  "client": [
    {
      "client_info": {
        "mobilesdk_app_id": "1:211605642478:android:84a939260a1778e020e7ff",
        "android_client_info": {
          "package_name": "com.polstrat.cadre"
        }
      },
      "oauth_client": [],
      "api_key": [
        {
          "current_key": "AIzaSyDccLfBbuxwu-9XXwZx-9KZjhzx7UqnlAQ"
        }
      ],
      "services": {
        "appinvite_service": {
          "other_platform_oauth_client": []
        }
      }
    }
  ],
  "configuration_version": "1"
}